time,value,PowerTranfer,peak,mean,t_stablility,stability
0.0,119.56455416182573,1267.6311604627754,122.77857148957929,119.73511647483598,14.959,1.0
0.01,119.56455436606883,1267.7167175348645,,,,
0.02,119.5645552233791,1267.8458869438537,,,,
0.03,119.56455718740791,1267.9713978946293,,,,
0.04,119.56456031067601,1268.0529393177699,,,,
0.05,119.56456506295865,1268.1460143559389,,,,
0.06,119.56457127217645,1268.2248924725272,,,,
0.07,119.56457966541782,1268.3084771239626,,,,
0.08,119.56458983829266,1268.3892381255298,,,,
0.09,119.56460279897617,1268.4711728834384,,,,
0.1,119.56462045430928,1268.5533565842677,,,,
0.105,119.56468875554796,476.7184199397178,,,,
0.112,119.56484916064653,465.50466947346024,,,,
0.122,119.56520014207354,453.09468924933,,,,
0.132,119.565664023343,445.79148068498944,,,,
0.142,119.56616967886211,441.9720326796778,,,,
0.152,119.56665806005876,440.591407783727,,,,
0.162,119.56708240148666,440.9599518865805,,,,
0.172,119.56740764009987,442.6178747998354,,,,
0.18,119.56757550721737,444.8255961623309,,,,
0.185,119.56754247017338,1196.2354373843555,,,,
0.192,119.5673746445876,1234.2287927464822,,,,
0.202,119.56689340258966,1282.965626722722,,,,
0.212,119.566109498416,1321.0813170074898,,,,
0.222,119.56508661099942,1351.1909047937374,,,,
0.232,119.56388222214687,1375.2412275519994,,,,
0.242,119.56254343919737,1394.6704785119723,,,,
0.252,119.5611059151887,1410.5374720056245,,,,
0.262,119.55959391175169,1423.6208962715848,,,,
0.272,119.55801454956695,1434.5228906919183,,,,
0.282,119.55637277020706,1443.656056014309,,,,
0.292,119.55467619307943,1451.3590881332811,,,,
0.302,119.55290774262863,1457.9172448470486,,,,
0.312,119.55104483864635,1463.4726097415933,,,,
0.322,119.5490699953092,1468.1750486485225,,,,
0.332,119.5469602137945,1472.1158764308248,,,,
0.342,119.5446825811857,1475.408006123524,,,,
0.352,119.54220215067217,1478.0750030404215,,,,
0.362,119.53948930906037,1480.177781839789,,,,
0.372,119.53651241212307,1481.7475744231901,,,,
0.382,119.53323361665159,1482.8403008727262,,,,
0.392,119.52961494285309,1483.4545464551768,,,,
0.402,119.52562625475537,1483.6179258429263,,,,
0.412,119.52123214861878,1483.3669972110156,,,,
0.422,119.51639307503908,1482.7199313249826,,,,
0.432,119.51107700214715,1481.6853001249274,,,,
0.442,119.50525250137267,1480.3041877251387,,,,
0.452,119.49888245145233,1478.5995541995658,,,,
0.462,119.4919366501154,1476.5902058760275,,,,
0.472,119.48438572610661,1474.3164470651213,,,,
0.482,119.47619732475073,1471.8063069431328,,,,
0.492,119.46734198776619,1469.0935651080113,,,,
0.502,119.45779125536286,1466.2128316082008,,,,
0.512,119.44751768769905,1463.1998476932113,,,,
0.522,119.4364949006818,1460.0903198773717,,,,
0.532,119.42469760350637,1456.920217003746,,,,
0.542,119.41210163789628,1453.7249261795496,,,,
0.552,119.39868401822064,1450.538526143262,,,,
0.562,119.38442297529251,1447.3931492482259,,,,
0.572,119.36929800370636,1444.318891567591,,,,
0.582,119.35328991210929,1441.3429406459177,,,,
0.592,119.33638087613478,1438.489554848029,,,,
0.597,119.32746768497128,1437.134499612317,,,,
0.602,119.31833826052817,1435.8296691137373,,,,
0.608,119.30583556854008,1434.1240360977047,,,,
0.618,119.28644298608424,1431.6934871824437,,,,
0.628,119.26609754133096,1429.4415326894555,,,,
0.638,119.24478856250464,1427.372558017114,,,,
0.648,119.22250696923265,1425.5001593145062,,,,
0.658,119.19924545385793,1423.8140926848548,,,,
0.668,119.17499881423369,1422.315048612245,,,,
0.678,119.14976429740165,1420.994509955168,,,,
0.688,119.12353975512104,1419.8524594184673,,,,
0.698,119.0963250734659,1418.8692574299864,,,,
0.708,119.06812359290252,1418.0364626635746,,,,
0.723,119.02398072448348,1417.039544704145,,,,
0.738,118.97765186844467,1416.3058648822237,,,,
0.753,118.92917639638597,1415.7906548854562,,,,
0.768,118.87860327267819,1415.4515082342832,,,,
0.783,118.82599362705027,1415.248271852956,,,,
0.798,118.80273029538769,1415.14513344423,,,,
0.813,118.79589913633242,1415.110992193325,,,,
0.828,118.78906811122066,1415.1222748458854,,,,
0.843,118.78227810052758,1415.1644193296781,,,,
0.858,118.77557156509265,1415.2292849772089,,,,
0.873,118.76899232491894,1415.3169238416274,,,,
0.888,118.76258531439703,1415.4322695460846,,,,
0.903,118.75639632647555,1415.58488232439,,,,
0.918,118.75047168541496,1415.7862557147046,,,,
0.933,118.74485802307922,1416.0352033423565,,,,
0.948,118.73960211527385,1416.3404127818199,,,,
0.963,118.73475051461641,1416.7060549884548,,,,
0.978,118.73034922895798,1417.1339017055807,,,,
0.993,118.72644333038997,1417.6348298687408,,,,
1.008,118.72307648263998,1418.2097630784833,,,,
1.023,118.72029070680769,1418.8656183536584,,,,
1.038,118.71812616837539,1419.6088918404143,,,,
1.053,118.71662088738837,1420.4476862729425,,,,
1.068,118.71581045375521,1421.3925301107092,,,,
1.083,118.71572775532832,1422.453570951184,,,,
1.098,118.71640271450696,1423.6429832661568,,,,
1.113,118.71786204382933,1424.972911877233,,,,
1.128,118.72012901848662,1426.455265450054,,,,
1.143,118.72322326617231,1428.1010690553792,,,,
1.166,118.72945001754215,1430.8955471318018,,,,
1.188,118.73760603640538,1434.0982936867938,,,,
1.211,118.74770648155463,1437.7056163593033,,,,
1.227,118.75617798435182,1440.5094237234566,,,,
1.232,118.75903512936509,1441.4311629793588,,,,
1.238,118.76297015015842,1442.678688966685,,,,
1.248,118.76912218476498,1444.5865270228605,,,,
1.258,118.77564522724578,1446.547801986173,,,,
1.268,118.78253386361101,1448.5535017753648,,,,
1.278,118.78978183653012,1450.5934700410376,,,,
1.288,118.79738201444249,1452.6560587591323,,,,
1.298,118.80532640108031,1454.7289982853717,,,,
1.308,118.81360614712571,1456.7984346438766,,,,
1.318,118.82221156474569,1458.8495982991917,,,,
1.328,118.8311321444507,1460.8669037053746,,,,
1.338,118.84035657458313,1462.8337757957725,,,,
1.353,118.8547342332929,1465.6503250794844,,,,
1.368,118.86972406937629,1468.2531554689442,,,,
1.383,118.88527851725179,1470.5817006696948,,,,
1.398,118.9013465205717,1472.5730593838025,,,,
1.413,118.917873890712,1474.1647455331672,,,,
1.428,118.93480357705411,1475.2956335982353,,,,
1.443,118.95207595720254,1475.9074474547085,,,,
1.458,118.96962914581128,1475.9461737414792,,,,
1.473,118.9873993195273,1475.3603864256293,,,,
1.488,119.00532105647405,1474.1059059652944,,,,
1.503,119.02332768546509,1472.1426892572072,,,,
1.526,119.05033822614422,1467.8002509618937,,,,
1.548,119.0771579609432,1461.7155718008494,,,,
1.571,119.10355757816984,1453.8524651339321,,,,
1.593,119.12931056793491,1444.2224338607289,,,,
1.605,119.14175320914708,1438.5383977988433,,,,
1.61,119.14723255031808,1435.9442079443847,,,,
1.616,119.15446784610565,1432.35898880852,,,,
1.626,119.16517457039932,1426.9279016365733,,,,
1.636,119.17565044228944,1420.8718408057427,,,,
1.646,119.18587716367816,1414.670607999007,,,,
1.656,119.19583691321598,1408.1805884322448,,,,
1.666,119.20551313612913,1401.4156238731675,,,,
1.676,119.21488991388253,1394.3920316176373,,,,
1.686,119.22395198402367,1387.1271959151188,,,,
1.696,119.23268475961324,1379.6384148409281,,,,
1.706,119.2410743873055,1371.9461211573696,,,,
1.716,119.24910778354848,1364.0683705172478,,,,
1.721,119.25294022676422,1360.0476403342827,,,,
1.726,119.25667749378309,1356.00193850473,,,,
1.733,119.2615326032022,1350.583343759275,,,,
1.743,119.2685558021161,1342.2792695423002,,,,
1.753,119.27518254895257,1333.9129970666986,,,,
1.763,119.3089075584963,1325.4605000624906,,,,
1.773,119.40034209106369,1316.9488214510898,,,,
1.783,119.49226174965975,1308.391643463783,,,,
1.793,119.58455720670736,1299.8199242110716,,,,
1.803,119.67712715016027,1291.2510337218519,,,,
1.813,119.76986088649039,1282.707085964673,,,,
1.823,119.86265123750627,1274.2095613007782,,,,
1.838,120.0016986835831,1261.599823435758,,,,
1.853,120.14028093960009,1249.2061151574662,,,,
1.868,120.27803720623865,1237.093230080053,,,,
1.883,120.41461736300343,1225.3199818659227,,,,
1.898,120.54967782355416,1213.939660705279,,,,
1.913,120.68288291838786,1203.0008033625654,,,,
1.928,120.81390632244441,1192.5459895372214,,,,
1.943,120.94243252154428,1182.6130967069619,,,,
1.958,121.06815815135931,1173.2325639701635,,,,
1.973,121.19079321132863,1164.4307391677075,,,,
1.988,121.31006228826698,1156.2274039001318,,,,
2.01,121.48207369288652,1145.0809073298624,,,,
2.033,121.64515213999032,1135.3409387046358,,,,
2.055,121.79856530561545,1127.0180681126794,,,,
2.078,121.9416964372283,1120.098559180633,,,,
2.1,122.07403195013934,1114.5489231303022,,,,
2.123,122.19516380630193,1110.32615039838,,,,
2.145,122.30479214449373,1107.3727481780422,,,,
2.168,122.40270711618588,1105.6217768764632,,,,
2.19,122.48882992101176,1105.0010264941552,,,,
2.213,122.56320826309287,1105.429937468516,,,,
2.235,122.62597293033357,1106.8244285015385,,,,
2.269,122.6989610651764,1110.520268658263,,,,
2.303,122.74759822192378,1115.8872684192288,,,,
2.337,122.77347322977549,1122.6073671183449,,,,
2.37,122.77857148957929,1130.359057514287,,,,
2.404,122.76518885244585,1138.8132046455767,,,,
2.438,122.7358543847092,1147.6410709028983,,,,
2.472,122.69325153745496,1156.5157620987752,,,,
2.505,122.64013583428736,1165.1193903588787,,,,
2.539,122.57925178110344,1173.1470579144038,,,,
2.573,122.51325121965512,1180.3124226482673,,,,
2.607,122.44461558503517,1186.3555246255937,,,,
2.64,122.37558429634976,1191.0525009539035,,,,
2.674,122.3237559862778,1194.2166522180728,,,,
2.708,122.35865470486176,1195.70967256504,,,,
2.742,122.3791227220951,1195.4451977292579,,,,
2.775,122.3841623956052,1193.3955755245784,,,,
2.809,122.37265967105122,1189.5926703046173,,,,
2.843,122.34348461279194,1184.1381137789126,,,,
2.877,122.29552126291142,1177.1835969020663,,,,
2.91,122.22768380962498,1168.9435425728489,,,,
2.944,122.13899886196447,1159.6859016540307,,,,
2.978,122.028633369484,1149.7217454375068,,,,
3.012,121.89595884779291,1139.3984728730827,,,,
3.045,121.81266335136105,1129.0709117694933,,,,
3.079,121.76685297775472,1119.1131607942498,,,,
3.113,121.71246300755479,1109.8871820073107,,,,
3.147,121.64714540929702,1101.7306207769693,,,,
3.18,121.5686624608927,1094.943161466709,,,,
3.214,121.47496556111184,1089.7771756196846,,,,
3.248,121.3642685797703,1086.425106287321,,,,
3.282,121.23511388046643,1085.016256263341,,,,
3.315,121.0864297596136,1085.6114091438762,,,,
3.349,120.91757750454995,1088.206188840079,,,,
3.383,120.72838706083881,1092.73352024247,,,,
3.417,120.51917995029886,1099.0700017308584,,,,
3.45,120.29077895255554,1107.0489180008049,,,,
3.484,120.04450425232685,1116.4638612179233,,,,
3.518,119.78215587184715,1127.0822469203888,,,,
3.552,119.50598321628036,1138.653848512864,,,,
3.585,119.21855998328918,1150.918759244505,,,,
3.619,118.92291442080284,1163.6235390690636,,,,
3.653,118.62242552653987,1176.508764739809,,,,
3.687,118.32225992845943,1189.3308548261116,,,,
3.72,118.30178961704085,1201.8622293731364,,,,
3.754,118.28792309214782,1213.89150367527,,,,
3.788,118.28075392103443,1225.2325877962128,,,,
3.822,118.28021661795076,1235.7218536904447,,,,
3.872,118.29123073103926,1249.550597814507,,,,
3.923,118.31517503163806,1260.8338970426498,,,,
3.974,118.34998864682366,1269.3771118865686,,,,
4.024,118.3930657063609,1275.1612576661319,,,,
4.075,118.4414318243207,1278.3220445363122,,,,
4.125,118.49190759337108,1279.16022027178,,,,
4.176,118.54132681703881,1278.0944717418045,,,,
4.227,118.58676821937674,1275.6589875749355,,,,
4.277,118.6256935971795,1272.4420986526939,,,,
4.328,118.65611909247302,1269.022112414722,,,,
4.379,118.67676683317445,1265.9701264326018,,,,
4.429,118.68711085049074,1263.7486759760359,,,,
4.48,118.6874025595455,1262.74141445464,,,,
4.53,118.67863334100969,1263.1698860227284,,,,
4.581,118.66244977789742,1265.1406811310233,,,,
4.632,118.64101212559066,1268.6180161912139,,,,
4.682,118.61680720952194,1273.4465907327594,,,,
4.733,118.59247657327141,1279.3710267791944,,,,
4.784,118.57064073395877,1286.064390029194,,,,
4.834,118.55372561785765,1293.151790197866,,,,
4.885,118.54380711515847,1300.2351400924708,,,,
4.935,118.54250102163606,1306.9171248056387,,,,
4.986,118.55086902793997,1312.835038188922,,,,
5.037,118.56936304865847,1317.6585942276995,,,,
5.087,118.59783594872154,1321.1330850383724,,,,
5.138,118.63556963606588,1323.0784342486604,,,,
5.189,118.68133340294419,1323.4043224201287,,,,
5.239,118.73347071560318,1322.1302790719506,,,,
5.29,118.79000806862116,1319.3417385003927,,,,
5.34,118.84878132069707,1315.2179918403353,,,,
5.391,118.90756913888606,1310.0153661472064,,,,
5.442,118.96420877995268,1304.023959636504,,,,
5.492,119.01673792174276,1297.543471454754,,,,
5.543,119.0635193156813,1290.914316915811,,,,
5.594,119.20482048720972,1284.4061339289756,,,,
5.644,119.36978424140928,1278.3129235804286,,,,
5.695,119.54885635531357,1272.808412620078,,,,
5.745,119.73755971778093,1268.0803928278865,,,,
5.796,119.93204172226973,1264.2224813181806,,,,
5.847,120.12857020389333,1261.266943465897,,,,
5.897,120.32309689189509,1259.193905296905,,,,
5.948,120.51145758215215,1257.9345726260622,,,,
5.999,120.68973660987801,1257.3842687547149,,,,
6.049,120.85450564622055,1257.4044747573219,,,,
6.1,121.00291712602788,1257.840068467369,,,,
6.15,121.13273154771144,1258.5316183170858,,,,
6.201,121.24233309648633,1259.3202214242688,,,,
6.252,121.33074005165481,1260.0657114528708,,,,
6.302,121.3967664423397,1260.6485252035845,,,,
6.353,121.44081904389948,1261.025641767095,,,,
6.404,121.46499505892493,1261.1272558970684,,,,
6.454,121.46978570479524,1260.9342971508463,,,,
6.505,121.45644419866787,1260.5017250517421,,,,
6.555,121.42763275993701,1259.8598851195843,,,,
6.606,121.38532375379467,1259.0731532795037,,,,
6.657,121.33161621727074,1258.2223349637893,,,,
6.707,121.2685832140343,1257.3815163226109,,,,
6.758,121.1983538406633,1256.6282175360916,,,,
6.809,121.12275082657965,1256.0081889846579,,,,
6.859,121.04360512095195,1255.5773877677984,,,,
6.91,120.96219275853893,1255.3345658588446,,,,
6.96,120.87991667916367,1255.3099928833349,,,,
7.011,120.79735306147434,1255.453046067826,,,,
7.062,120.71540798427466,1255.7696033492516,,,,
7.112,120.63391387748189,1256.1608846620466,,,,
7.163,120.55294339227936,1256.6331042099994,,,,
7.214,120.47320093775029,1257.0707357551732,,,,
7.264,120.39288968340688,1257.4362733324924,,,,
7.315,120.3114756869696,1257.6810634691788,,,,
7.365,120.22890734874429,1257.7580439554024,,,,
7.416,120.1448635265664,1257.634080543166,,,,
7.467,120.05877932032583,1257.2962089402608,,,,
7.517,119.97010303942123,1256.7534465546544,,,,
7.568,119.87847079442066,1256.0374953871426,,,,
7.619,119.78375876587842,1255.1967635109777,,,,
7.669,119.68608530778224,1254.2970804796091,,,,
7.72,119.5851975070558,1253.4076094486613,,,,
7.77,119.48224846607866,1252.6377229537939,,,,
7.821,119.37893497355745,1252.0410465337923,,,,
7.872,119.27585080721946,1251.6940804153903,,,,
7.922,119.17419379430977,1251.6613094354793,,,,
7.973,119.07565217298934,1251.9839450674797,,,,
8.024,118.98201445799802,1252.6794194034392,,,,
8.074,118.90877448688654,1253.7404660297063,,,,
8.125,118.9016574906654,1255.1299769705622,,,,
8.175,118.89449535153912,1256.7992969763004,,,,
8.226,118.8876000472927,1258.655198328567,,,,
8.277,118.88132887080333,1260.6271000374538,,,,
8.327,118.87604013339634,1262.5909796404883,,,,
8.378,118.87204998486823,1264.460809401091,,,,
8.429,118.86960851114921,1266.1058258011524,,,,
8.479,118.86887485372439,1267.4619559224786,,,,
8.53,118.86990021156834,1268.4128920193662,,,,
8.58,118.87262773946858,1268.9372852236681,,,,
8.631,118.87685870123823,1268.9995677097058,,,,
8.682,118.88227472313025,1268.5555176593925,,,,
8.732,118.91311893089808,1267.6725173333957,,,,
8.783,118.99221852895792,1266.3550563188296,,,,
8.834,119.0729552146689,1264.6795351158455,,,,
8.884,119.15324491184013,1262.7601044597805,,,,
8.935,119.23062473796085,1260.6485942550357,,,,
8.985,119.30321497351541,1258.4983796952029,,,,
9.036,119.36984522568693,1256.369013564685,,,,
9.087,119.4275614790283,1254.367712248912,,,,
9.137,119.47500330296647,1252.6082447780882,,,,
9.188,119.51300355321283,1251.1158739198922,,,,
9.239,119.5422695001609,1249.9754677408264,,,,
9.289,119.56242553765526,1249.195781334916,,,,
9.34,119.57377573170744,1248.781797525864,,,,
9.39,119.57774683384552,1248.7222536910867,,,,
9.441,119.57607314438457,1248.9589515553819,,,,
9.492,119.57087878441966,1249.448173420315,,,,
9.542,119.56415436463527,1250.10398570624,,,,
9.593,119.55807060599393,1250.8455427175466,,,,
9.644,119.55441983525739,1251.5834189305065,,,,
9.694,119.55509353168965,1252.2370826016688,,,,
9.745,119.56139423976762,1252.7243365811937,,,,
9.795,119.57461841928071,1252.992195834174,,,,
9.846,119.59522909874899,1252.9857385038567,,,,
9.897,119.62417068090755,1252.6947010440413,,,,
9.947,119.66065260135935,1252.0984770986452,,,,
9.998,119.70406946256813,1251.237064390943,,,,
10.049,119.7548486615959,1250.1296074051413,,,,
10.099,119.81005116382013,1248.833729714981,,,,
10.15,119.86779664436773,1247.4354273385266,,,,
10.2,119.92658027815501,1246.0104735309149,,,,
10.251,119.98465928857563,1244.6434301442769,,,,
10.302,120.0401194788882,1243.407870359168,,,,
10.352,120.09086368168215,1242.3817110062214,,,,
10.403,120.13493255116967,1241.6215652426195,,,,
10.454,120.17082817408604,1241.1824299054276,,,,
10.504,120.19734991761186,1241.093124397495,,,,
10.555,120.21363720477635,1241.3691028031678,,,,
10.605,120.218838022386,1241.9898275165642,,,,
10.656,120.21287244301278,1242.9679399114257,,,,
10.707,120.19665608837263,1244.228510061917,,,,
10.757,120.17088580329735,1245.71613326138,,,,
10.808,120.13598920516279,1247.35792101378,,,,
10.859,120.09315038785225,1249.0951063538107,,,,
10.909,120.04429645244326,1250.828795062021,,,,
10.96,119.99121372527863,1252.4864518600743,,,,
11.01,119.93551304285614,1254.005490696385,,,,
11.061,119.8787999375112,1255.3152586059753,,,,
11.112,119.82266056071646,1256.374796128278,,,,
11.162,119.76854797033594,1257.1540077673474,,,,
11.213,119.71772024924098,1257.6411427947164,,,,
11.264,119.67117775976183,1257.839605612512,,,,
11.314,119.6296310254541,1257.7708059458823,,,,
11.365,119.59349432843015,1257.4618446729178,,,,
11.415,119.56284252573357,1256.9499759283708,,,,
11.466,119.53738230637396,1256.3165464269218,,,,
11.517,119.51667102928899,1255.5957988596747,,,,
11.567,119.50019770812511,1254.8535737696195,,,,
11.618,119.48794324705852,1254.1633857582042,,,,
11.669,119.47920865350446,1253.547034073882,,,,
11.719,119.4726614160775,1253.0760029442938,,,,
11.77,119.46740731250411,1252.7757178106688,,,,
11.82,119.46249776950634,1252.684064081126,,,,
11.871,119.45729940981715,1252.8105223625294,,,,
11.922,119.45102471829165,1253.1744980030244,,,,
11.972,119.44326376874595,1253.747629856082,,,,
12.023,119.43411579846907,1254.5028250372943,,,,
12.074,119.42368333458968,1255.4243341182193,,,,
12.124,119.41209944357931,1256.4622725762079,,,,
12.175,119.39933482535255,1257.5465732419095,,,,
12.225,119.38564457612756,1258.6477099086605,,,,
12.276,119.3720293957399,1259.7116062191203,,,,
12.327,119.35898507858941,1260.698238218,,,,
12.377,119.34706456632142,1261.562332969681,,,,
12.428,119.33772056426268,1262.2746461066813,,,,
12.479,119.33173558377857,1262.8036292492916,,,,
12.529,119.32948888191979,1263.1383186439352,,,,
12.58,119.3313241584434,1263.2695480322152,,,,
12.63,119.33788313844443,1263.2054031841562,,,,
12.681,119.34937892156805,1262.9489041648326,,,,
12.732,119.36530155329358,1262.5261746014999,,,,
12.782,119.38552042471318,1261.9508052288477,,,,
12.833,119.40981743909067,1261.2504177771846,,,,
12.884,119.43728471562736,1260.4824925182477,,,,
12.934,119.4668824006798,1259.6680439663378,,,,
12.985,119.49783561916144,1258.8498339080284,,,,
13.035,119.52940006250128,1258.044245496053,,,,
13.086,119.56174337556601,1257.2936728849095,,,,
13.137,119.59430081482407,1256.5835043341363,,,,
13.187,119.6251430140729,1255.9459216151795,,,,
13.238,119.65317987513222,1255.3894887187105,,,,
13.289,119.67803523035384,1254.9176064599233,,,,
13.339,119.6994671203739,1254.5303508779948,,,,
13.39,119.7169549344397,1254.2132689263628,,,,
13.44,119.73006122369127,1253.9681688075584,,,,
13.491,119.73920866597602,1253.7757187623893,,,,
13.542,119.74510414937431,1253.6283322754475,,,,
13.592,119.74825829054066,1253.5072326934696,,,,
13.643,119.74898541031105,1253.3962017298104,,,,
13.694,119.74794512113559,1253.2970064750866,,,,
13.744,119.74594147593774,1253.1927904132945,,,,
13.795,119.74322167433564,1253.0785992651113,,,,
13.845,119.74059556039376,1252.9532387287409,,,,
13.896,119.73892270308407,1252.8167988694718,,,,
13.947,119.73851839033341,1252.6690014641977,,,,
13.997,119.74010923176968,1252.509758169805,,,,
14.048,119.74402781320157,1252.317319138557,,,,
14.099,119.75071340194752,1252.1508475231174,,,,
14.149,119.76038587200553,1251.9488331327507,,,,
14.2,119.77233213087561,1251.7446616339257,,,,
14.25,119.78649825508901,1251.5556089473453,,,,
14.301,119.80227855832408,1251.339184565004,,,,
14.352,119.81947681568604,1251.1566973641968,,,,
14.402,119.83792810608442,1250.9635387787541,,,,
14.453,119.85619116700806,1250.777635982945,,,,
14.504,119.87331891691035,1250.6088058478385,,,,
14.554,119.88869862292599,1250.4576165360058,,,,
14.605,119.90153429107328,1250.331519485454,,,,
14.655,119.91133279568668,1250.2281420885315,,,,
14.706,119.91791642079772,1250.1467916711997,,,,
14.757,119.92091092302195,1250.0953280304145,,,,
14.807,119.9200446170879,1250.0832167273475,,,,
14.858,119.91499739633187,1250.1016923197992,,,,
14.909,119.90541532044709,1250.175621284894,,,,
14.959,119.89150224479133,1250.2963931179363,,,,
15.01,119.87398109777811,1250.467691771526,,,,
15.06,119.85347029169085,1250.677995500486,,,,
15.111,119.83031902851766,1250.9245470699432,,,,
15.162,119.80535818529727,1251.1989563094735,,,,
15.212,119.7795069472082,1251.4929772711703,,,,
15.263,119.75296060279392,1251.7902746011594,,,,
15.314,119.72631251252696,1252.0932225467632,,,,
15.364,119.70116883387554,1252.3828967886984,,,,
15.415,119.67848964780845,1252.6451499158688,,,,
15.465,119.65815266555825,1252.8660644628305,,,,
15.516,119.6402536160289,1253.0445547049594,,,,
15.567,119.62542966123883,1253.1771672062755,,,,
15.617,119.61373417233897,1253.2644058142846,,,,
15.668,119.60559148701417,1253.2983501714161,,,,
15.719,119.60027664510756,1253.274569461043,,,,
15.769,119.59813875878783,1253.232141854091,,,,
15.82,119.59857755197064,1253.1200837082174,,,,
15.87,119.60004005387552,1253.0088200259252,,,,
15.921,119.60401386956023,1252.8897867525343,,,,
15.972,119.61029378652992,1252.7453294031134,,,,
16.022,119.61740450494096,1252.6059697488956,,,,
16.073,119.62431813579933,1252.4873927568615,,,,
16.124,119.63056065527225,1252.396451931806,,,,
16.174,119.63596522534574,1252.351048505393,,,,
16.225,119.64051908766352,1252.3540285763227,,,,
16.275,119.6439633283361,1252.4127141273916,,,,
16.326,119.64617780757867,1252.5211947029732,,,,
16.377,119.64697205623844,1252.6907876978005,,,,
16.427,119.64656528713964,1252.9064933828702,,,,
16.478,119.64474714739721,1253.156823237089,,,,
16.529,119.64231577400561,1253.458752765361,,,,
16.579,119.64033561489883,1253.7551429597966,,,,
16.63,119.6368810589268,1254.0348071957137,,,,
16.68,119.63336512348067,1254.3446266478154,,,,
16.731,119.63010055957155,1254.5821281161593,,,,
16.782,119.62754385336717,1254.8299311300893,,,,
16.832,119.62743878481534,1254.9917895544377,,,,
16.883,119.62773687631585,1255.087334005849,,,,
16.934,119.62819558494151,1255.1329119821826,,,,
16.984,119.63004018369108,1255.1134875706575,,,,
17.035,119.63393083579659,1255.0230615119283,,,,
17.085,119.63960687187719,1254.8636294367857,,,,
17.136,119.64667325729421,1254.6355494576796,,,,
17.187,119.65490121699175,1254.3546916521098,,,,
17.237,119.6639793817263,1254.023131902431,,,,
17.288,119.67363107593413,1253.6630880423745,,,,
17.339,119.68372713564028,1253.2866926370434,,,,
17.389,119.69385493521446,1252.9028682119651,,,,
17.44,119.70383946555809,1252.533039348788,,,,
17.49,119.71355261478139,1252.1897540965708,,,,
17.541,119.72226482369219,1251.8800388936438,,,,
17.592,119.73006608993448,1251.6327437467066,,,,
17.642,119.73634934374142,1251.431630567027,,,,
17.693,119.74133081502652,1251.3139440517602,,,,
17.744,119.74503100358304,1251.2433698948842,,,,
17.794,119.74737902240793,1251.2516929451122,,,,
17.845,119.7482942342948,1251.3030699032593,,,,
17.895,119.74849804312257,1251.425217262535,,,,
17.946,119.74860658674012,1251.5696078314122,,,,
17.997,119.74718190502244,1251.7411373737982,,,,
18.047,119.74503542470998,1251.9433984071372,,,,
18.098,119.74235294323411,1252.1519290941974,,,,
18.149,119.73994000711085,1252.3556784737375,,,,
18.199,119.73736757091531,1252.5324128654033,,,,
18.25,119.73538331200902,1252.6952165657635,,,,
18.3,119.73534098651882,1252.8074191142368,,,,
18.351,119.73592271720459,1252.8684734477283,,,,
18.402,119.73687000636431,1252.8815748501952,,,,
18.452,119.73809539483362,1252.8524695054016,,,,
18.503,119.73970910658714,1252.784485901212,,,,
18.554,119.74176389484171,1252.6859094493307,,,,
18.604,119.74421115144294,1252.5610207906834,,,,
18.655,119.74691823345498,1252.4133879148067,,,,
18.705,119.74970653533845,1252.2525772355323,,,,
18.756,119.75238315259438,1252.0838446200678,,,,
18.807,119.75475608483347,1251.917322006111,,,,
18.857,119.75663707259142,1251.7592320784904,,,,
18.908,119.75784134218375,1251.6190347993547,,,,
18.959,119.7581918689139,1251.5011901057364,,,,
19.009,119.75753035559748,1251.413715152005,,,,
19.06,119.75573220069894,1251.3582360028463,,,,
19.11,119.75272119196686,1251.3401427950107,,,,
19.161,119.7484798924027,1251.3577411583506,,,,
19.212,119.7430532985523,1251.4131339239084,,,,
19.262,119.73654584680531,1251.5008673846378,,,,
19.313,119.72911354583707,1251.6197872883636,,,,
19.364,119.72095357494999,1251.7609849075434,,,,
19.414,119.71229348573439,1251.920783037049,,,,
19.465,119.70338116192141,1252.0879350605487,,,,
19.515,119.69447580853026,1252.2575904664955,,,,
19.566,119.68583953956619,1252.4177470467507,,,,
19.617,119.6777287515945,1252.5640449904697,,,,
19.667,119.67038458000363,1252.685440156621,,,,
19.718,119.66406617448357,1252.7877941329602,,,,
19.769,119.65890950293189,1252.8297975927353,,,,
19.819,119.65514590422451,1252.863786289934,,,,
19.87,119.6529668753772,1252.84264083998,,,,
19.92,119.65219782495566,1252.7909016739986,,,,
19.971,119.65265412431478,1252.7141381412553,,,,
20.022,119.65425216604925,1252.5990954243957,,,,
20.072,119.65685415265065,1252.4761842736007,,,,
20.123,119.66027741468757,1252.3488810192412,,,,
20.174,119.6645626209691,1252.2287957630183,,,,
20.224,119.66925573804457,1252.0995127844667,,,,
20.275,119.67433421386158,1252.0077032925105,,,,
20.325,119.67992101261189,1251.919016778214,,,,
20.376,119.68466993843488,1251.85401370811,,,,
20.427,119.68916322545012,1251.8292603726738,,,,
20.477,119.69226953982965,1251.8242221577045,,,,
20.528,119.69319330831647,1251.8647522010617,,,,
20.579,119.69415235661094,1251.9431720206594,,,,
20.629,119.6948485034049,1252.0368272205258,,,,
20.68,119.69496936015203,1252.1376792592243,,,,
20.73,119.69407928033866,1252.2524068798552,,,,
20.781,119.6918251847099,1252.3626910823086,,,,
20.832,119.68957802079096,1252.477349209165,,,,
20.882,119.6868053244624,1252.5558348471754,,,,
20.933,119.68465974487333,1252.6477590208924,,,,
20.984,119.68471969701967,1252.6851543490875,,,,
21.034,119.68476185951263,1252.6830443228682,,,,
21.085,119.68386703255649,1252.655380060645,,,,
21.135,119.68328341260263,1252.6306403772792,,,,
21.186,119.68323512378521,1252.5718262364112,,,,
21.237,119.68402111164146,1252.5121773254,,,,
21.287,119.68550503167563,1252.430385503709,,,,
21.338,119.68774197653823,1252.3543432611968,,,,
21.389,119.6904690506108,1252.2603425645702,,,,
21.439,119.69374166176533,1252.181637616398,,,,
21.49,119.69725621804758,1252.08659103724,,,,
21.54,119.7011205004263,1252.0151666280967,,,,
21.591,119.70616469299563,1251.931598324395,,,,
21.642,119.7104497153337,1251.8466351889278,,,,
21.692,119.7146964354431,1251.7780705127032,,,,
21.743,119.71847533104888,1251.6991667133839,,,,
21.794,119.7220070142386,1251.6486879320425,,,,
21.844,119.72515056780693,1251.578636221963,,,,
21.895,119.72780072854196,1251.536849331429,,,,
21.945,119.73092204764016,1251.4835037274515,,,,
21.996,119.73254698349466,1251.4316674330335,,,,
22.047,119.73349346568531,1251.3987883932637,,,,
22.097,119.73440579517356,1251.3778991605836,,,,
22.148,119.73393339808645,1251.367863768236,,,,
22.199,119.73285007202625,1251.3864863172425,,,,
22.249,119.73072703295247,1251.4065092591704,,,,
22.3,119.72726337952689,1251.4700547755704,,,,
22.35,119.72445463968012,1251.5502163194542,,,,
22.401,119.72153653108242,1251.6299347844065,,,,
22.452,119.7193403278809,1251.7228249061172,,,,
22.502,119.71829343087522,1251.7965564057986,,,,
22.553,119.71651129356843,1251.857677591201,,,,
22.604,119.71477549499795,1251.9180684779762,,,,
22.654,119.71319143157467,1251.9500224012531,,,,
22.705,119.71146546519346,1251.976757268873,,,,
22.755,119.71096641713397,1251.9994552352491,,,,
22.806,119.7120361658294,1251.989191122208,,,,
22.857,119.71351729607598,1251.9559625862385,,,,
22.907,119.71477081637659,1251.9059855316916,,,,
22.958,119.71612905980724,1251.8495285153947,,,,
23.009,119.71746524746526,1251.787471400793,,,,
23.059,119.71905879152229,1251.7276621247643,,,,
23.11,119.72019641084003,1251.6611489566685,,,,
23.16,119.72180290756063,1251.6143459734553,,,,
23.211,119.72446098300917,1251.5573314938456,,,,
23.262,119.7258948503927,1251.5047389295728,,,,
23.312,119.7262274927685,1251.4738860079622,,,,
23.363,119.72574723043996,1251.465253011535,,,,
23.414,119.72481977745883,1251.478061689929,,,,
23.464,119.72369379658355,1251.5079829729739,,,,
23.515,119.72166590872627,1251.5483660922682,,,,
23.565,119.71917073112176,1251.6121584685884,,,,
23.616,119.7158524796568,1251.6780057337742,,,,
23.667,119.71270672701574,1251.7623131290047,,,,
23.717,119.71044703208236,1251.832527974281,,,,
23.768,119.70711704641232,1251.8885706746096,,,,
23.819,119.70380316741009,1251.9570280872706,,,,
23.869,119.70133449151851,1252.0055149647765,,,,
23.92,119.6985592385177,1252.0396037714318,,,,
23.97,119.69621637001532,1252.073596397437,,,,
24.021,119.69390247948496,1252.087659747906,,,,
24.072,119.6912575861151,1252.0973819210503,,,,
24.122,119.68949879357871,1252.0997391339774,,,,
24.173,119.68875772672877,1252.0889338681734,,,,
24.224,119.68893902811719,1252.0608560953835,,,,
24.274,119.68980216719262,1252.0186578130756,,,,
24.325,119.69116462237946,1251.9636195939502,,,,
24.375,119.69290243651835,1251.9038660576807,,,,
24.426,119.69492120540748,1251.843684512587,,,,
24.477,119.6971344658881,1251.7864530088937,,,,
24.527,119.69945484600619,1251.7351271870361,,,,
24.578,119.7017986995126,1251.6910062591776,,,,
24.629,119.70409435117831,1251.6553204294682,,,,
24.679,119.70628464391578,1251.628717694853,,,,
24.73,119.7083238434923,1251.612181900537,,,,
24.78,119.71017088093133,1251.6057497657362,,,,
24.831,119.71178364648199,1251.610585492043,,,,
24.882,119.71311822236345,1251.6261895360508,,,,
24.932,119.71413389600744,1251.653425233678,,,,
24.983,119.71480234109002,1251.6907863281704,,,,
25.034,119.71511758474331,1251.7381178780652,,,,
25.084,119.71510306006628,1251.7921370289455,,,,
25.135,119.71481321971784,1251.851195670457,,,,
25.185,119.71432888236443,1251.9101587346627,,,,
25.236,119.71374694622347,1251.9663866712813,,,,
25.287,119.71316838372536,1252.0140119533082,,,,
25.337,119.71271454424996,1252.0486890950172,,,,
25.388,119.7123864335349,1252.0760102415193,,,,
25.439,119.71228001766491,1252.0819081084765,,,,
25.489,119.7123328858041,1252.0689663236753,,,,
25.54,119.71244371668863,1252.0416493832379,,,,
25.59,119.7130266976545,1252.0072773265142,,,,
25.641,119.71420678057503,1251.943875724843,,,,
25.692,119.71563724247781,1251.8792730590592,,,,
25.742,119.7170551075209,1251.809662099814,,,,
25.793,119.71861983565466,1251.7403088263777,,,,
25.844,119.72018385062913,1251.6643570064018,,,,
25.894,119.72155173933716,1251.5961014461523,,,,
25.945,119.72313485191448,1251.539093604183,,,,
25.995,119.72494763348095,1251.4813896512055,,,,
26.046,119.72660599847248,1251.4346599261796,,,,
26.097,119.72781852029895,1251.4042185075386,,,,
26.147,119.72877142769431,1251.4005572753354,,,,
26.198,119.72926539402258,1251.3884389578345,,,,
26.249,119.72904894537308,1251.4030139574538,,,,
26.299,119.72845747619938,1251.425511034832,,,,
26.35,119.72765449424665,1251.457021166852,,,,
26.4,119.72675340445741,1251.4936028239274,,,,
26.451,119.72580856464049,1251.5369659042115,,,,
26.502,119.72479433394048,1251.5717763909568,,,,
26.552,119.72371687937839,1251.629876181376,,,,
26.603,119.72262750709584,1251.6617506443345,,,,
26.654,119.72161878078349,1251.7006217722374,,,,
26.704,119.72076279379402,1251.727759396213,,,,
26.755,119.72009673876127,1251.7452934137264,,,,
26.805,119.71966676063245,1251.7417618335048,,,,
26.856,119.71949009142374,1251.75429329298,,,,
26.907,119.71956263847552,1251.729087532142,,,,
26.957,119.71985129342845,1251.726881610152,,,,
27.008,119.72037225788281,1251.7167184646016,,,,
27.059,119.72108395812563,1251.7107498423532,,,,
27.109,119.72193827076867,1251.7086369010708,,,,
27.16,119.72281510773911,1251.716196457944,,,,
27.21,119.72380524470967,1251.7326052770886,,,,
27.261,119.72468604419852,1251.7478637702557,,,,
27.312,119.72571862960172,1251.767064590611,,,,
27.362,119.72731284779974,1251.773533802424,,,,
27.413,119.72822134396164,1251.7669971797848,,,,
27.464,119.72920849769744,1251.7747801262376,,,,
27.514,119.73144767089556,1251.7694114094688,,,,
27.565,119.73230728135708,1251.742113656477,,,,
27.615,119.73236106240674,1251.7585427111417,,,,
27.666,119.73139493028899,1251.7348567219665,,,,
27.717,119.73023481789303,1251.7750292014932,,,,
27.767,119.73063453919431,1251.7756451903606,,,,
27.818,119.73004732880892,1251.7800610215406,,,,
27.869,119.72821917365735,1251.7900381512493,,,,
27.919,119.72656269815263,1251.817022675564,,,,
27.97,119.72443736894542,1251.7987772986407,,,,
28.02,119.72136789159704,1251.8220427080473,,,,
28.071,119.71908736149841,1251.834358875523,,,,
28.122,119.71692166213269,1251.8356820930612,,,,
28.172,119.71549945044111,1251.8407177074068,,,,
28.223,119.7141918983088,1251.817522228185,,,,
28.274,119.71182420462524,1251.8166821338907,,,,
28.324,119.71049290600277,1251.8165719509634,,,,
28.375,119.70943399710134,1251.7995830196105,,,,
28.425,119.70906227777128,1251.7961556278567,,,,
28.476,119.71020659227041,1251.7662042122565,,,,
28.527,119.71094699331415,1251.7271999923883,,,,
28.577,119.7120595589825,1251.7049280599167,,,,
28.628,119.71318428448146,1251.667731324635,,,,
28.679,119.71462580078014,1251.663699480602,,,,
28.729,119.71734761715331,1251.640852160857,,,,
28.78,119.71942551205221,1251.6135203283911,,,,
28.83,119.72156456265208,1251.6462153191178,,,,
28.881,119.72337477175797,1251.651776326907,,,,
28.932,119.72512017019125,1251.6983229863085,,,,
28.982,119.72773077902394,1251.7314575912583,,,,
29.033,119.72938437886779,1251.7691606075666,,,,
29.084,119.7307892074463,1251.816846110443,,,,
29.134,119.73161833839404,1251.853324634637,,,,
29.185,119.73219211635467,1251.9107957782144,,,,
29.235,119.73346490414447,1251.9352841053994,,,,
29.286,119.73373330996077,1251.94754300543,,,,
29.337,119.73375451889677,1251.9650698086996,,,,
29.387,119.73325746261622,1251.9521350994107,,,,
29.438,119.73258497122887,1251.9580421669907,,,,
29.489,119.73270776809505,1251.9331036172034,,,,
29.539,119.73200715843885,1251.8942669686523,,,,
29.59,119.73122423712093,1251.8653324651673,,,,
29.64,119.72973334439364,1251.8205926903702,,,,
29.691,119.72830759517888,1251.7955155311004,,,,
29.742,119.72715812588163,1251.7371620163422,,,,
29.792,119.72488062098151,1251.7048542401749,,,,
29.843,119.7234377915512,1251.680875656467,,,,
29.894,119.72317476281779,1251.6493749960096,,,,
29.944,119.72310650869643,1251.6161373360792,,,,
29.995,119.72272221832087,1251.5837235654299,,,,
30.045,119.72214831298413,1251.5602809652169,,,,
30.096,119.72164120528079,1251.5418182202598,,,,
30.147,119.72133807309851,1251.5299636566815,,,,
30.197,119.72125995794195,1251.523677030454,,,,
30.248,119.72135538783937,1251.5153893513007,,,,
30.299,119.72161431697103,1251.5149413977745,,,,
30.349,119.72196015479878,1251.5194251613102,,,,
30.4,119.72240773174,1251.5211705060428,,,,
30.45,119.72287088369957,1251.53078422021,,,,
30.501,119.72339677553236,1251.5355152397385,,,,
30.552,119.72388936597582,1251.5552152942773,,,,
30.602,119.72440125416361,1251.564159494034,,,,
30.653,119.72516222144532,1251.579805851789,,,,
30.704,119.72572091227002,1251.5893752577574,,,,
30.754,119.72634833444961,1251.605428166052,,,,
30.805,119.72729091074002,1251.6178894529958,,,,
30.855,119.72791658825726,1251.6312326106722,,,,
30.906,119.72806647433013,1251.6432433987804,,,,
30.957,119.72810918192707,1251.6634897381664,,,,
31.007,119.72837032784436,1251.6858299974674,,,,
31.058,119.72852695726682,1251.7156710071213,,,,
31.109,119.72877717071094,1251.7227910051158,,,,
31.159,119.72883131136442,1251.743856506564,,,,
31.21,119.7288176364606,1251.7482741158365,,,,
31.26,119.72925560245602,1251.7582644335127,,,,
31.311,119.72949685655689,1251.7592194980002,,,,
31.362,119.72941803206098,1251.7601779045467,,,,
31.412,119.72926531324393,1251.7644155877579,,,,
31.463,119.72901755987468,1251.7809440656881,,,,
31.514,119.72850779790619,1251.788562265988,,,,
31.564,119.7282542879822,1251.797286495114,,,,
31.615,119.72792739406171,1251.8090823054627,,,,
31.665,119.72720041113993,1251.7998084322799,,,,
31.716,119.72669659632292,1251.7865630537103,,,,
31.767,119.7261228979924,1251.7783095776708,,,,
31.817,119.7255961518214,1251.7441749105742,,,,
31.868,119.72539691551529,1251.723720352609,,,,
31.919,119.72492982636477,1251.6959201162508,,,,
31.969,119.72450311716523,1251.6739656830098,,,,
32.02,119.72403750606698,1251.6719884991417,,,,
32.07,119.72328671142097,1251.664600609648,,,,
32.121,119.72288361206252,1251.6723037905344,,,,
32.172,119.72257136708907,1251.6780442243694,,,,
32.222,119.72207422156526,1251.6828763798308,,,,
32.273,119.72193983018538,1251.681682251473,,,,
32.324,119.72188501348855,1251.6813513937045,,,,
32.374,119.72163857094412,1251.6689990500954,,,,
32.425,119.72166950510908,1251.662505116928,,,,
32.475,119.72178019764165,1251.6797451153038,,,,
32.526,119.72209746085888,1251.6770856437145,,,,
32.577,119.72278234239313,1251.7045508345086,,,,
32.627,119.72337326327425,1251.7307036416441,,,,
32.678,119.72408227163343,1251.7626763822118,,,,
32.729,119.72483180250157,1251.8061786567105,,,,
32.779,119.72542536515166,1251.836549461206,,,,
32.83,119.72613953328414,1251.8690845176684,,,,
32.88,119.72700777331531,1251.8942286994322,,,,
32.931,119.72797546237035,1251.9053904512693,,,,
32.982,119.72892832889968,1251.9056631583048,,,,
33.032,119.72983394251395,1251.8895657813098,,,,
33.083,119.73064739169894,1251.8811789647236,,,,
33.134,119.73139926158119,1251.8604744047086,,,,
33.184,119.73213148385629,1251.8556487583512,,,,
33.235,119.73270578855998,1251.8592190464728,,,,
33.285,119.73317627483578,1251.8534230694793,,,,
33.336,119.73360206239695,1251.8684202075062,,,,
33.387,119.73387046999892,1251.8771073198168,,,,
33.437,119.73402204758497,1251.8700163202484,,,,
33.488,119.73408184924317,1251.870308821764,,,,
33.539,119.73396943166453,1251.8562053134597,,,,
33.589,119.73373721255675,1251.8329602659633,,,,
33.64,119.73342957750619,1251.8126064054436,,,,
33.69,119.73294346200811,1251.7947504548983,,,,
33.741,119.73227325933524,1251.7784176156151,,,,
33.792,119.7314967709146,1251.7787076718914,,,,
33.842,119.73065317626761,1251.7876447528706,,,,
33.893,119.72984212066395,1251.8006897616133,,,,
33.944,119.72902861338211,1251.817688775759,,,,
33.994,119.72830133277762,1251.8289187438822,,,,
34.045,119.72779155374027,1251.831747995565,,,,
34.095,119.72720368314678,1251.8301244636898,,,,
34.146,119.72650291740746,1251.81444438537,,,,
34.197,119.72606636134697,1251.8068744497605,,,,
34.247,119.7259832238749,1251.793246867017,,,,
34.298,119.7258727433651,1251.7880162340475,,,,
34.349,119.72563875861293,1251.7696955506808,,,,
34.399,119.72567806506191,1251.76615207762,,,,
34.45,119.72581173584877,1251.766068522912,,,,
34.5,119.72607603394177,1251.7561318260537,,,,
34.551,119.72664283613433,1251.7594856413716,,,,
34.602,119.7270903138105,1251.7568636558908,,,,
34.652,119.72758041118452,1251.7463416454762,,,,
34.703,119.72827077942998,1251.7541055217366,,,,
34.754,119.72878056176556,1251.7621498260662,,,,
34.804,119.72928202080666,1251.771293763522,,,,
34.855,119.72971237390794,1251.8002271599503,,,,
34.905,119.7298582795503,1251.8211525301576,,,,
34.956,119.73011336050374,1251.8480800145996,,,,
35.007,119.73027531671877,1251.8833536674138,,,,
35.057,119.7304107329907,1251.897278024825,,,,
35.108,119.73069415932514,1251.9162046223973,,,,
35.159,119.73071718071421,1251.918072036402,,,,
35.209,119.73066719440801,1251.922288647337,,,,
35.26,119.73045430110231,1251.9285347409807,,,,
35.31,119.73023799094733,1251.9271531497047,,,,
35.361,119.73001090125442,1251.9468300322474,,,,
35.412,119.72946189624479,1251.9526520790278,,,,
35.462,119.72910615070874,1251.9636493812268,,,,
35.513,119.72872772041343,1251.9734384399796,,,,
35.564,119.72843435426114,1251.961451423027,,,,
35.614,119.7284587732019,1251.9496100874421,,,,
35.665,119.72828551077114,1251.9197224959712,,,,
35.715,119.72813970840284,1251.8863209889428,,,,
35.766,119.72789031795514,1251.861585089643,,,,
35.817,119.72773015600079,1251.8341588780515,,,,
35.867,119.72799114536664,1251.8274079211355,,,,
35.918,119.72801716816653,1251.8235198218126,,,,
35.969,119.72771756716187,1251.8273355060155,,,,
36.019,119.72766083191965,1251.8352012953692,,,,
36.07,119.72797767733192,1251.8555580396305,,,,
36.12,119.72807591587055,1251.8640940691746,,,,
36.171,119.7278175255181,1251.866481188005,,,,
36.222,119.72781711681044,1251.863660012962,,,,
36.272,119.72785939017382,1251.8714813873967,,,,
36.323,119.72761153205442,1251.8673240227727,,,,
36.374,119.7276068028382,1251.870224183139,,,,
36.424,119.72761945750943,1251.8821438353064,,,,
36.475,119.72744592623242,1251.884351776935,,,,
36.525,119.72756221770264,1251.8946616779212,,,,
36.576,119.72806490883295,1251.9022356080047,,,,
36.627,119.72838940890884,1251.9060342494245,,,,
36.677,119.72841113563126,1251.8992778755864,,,,
36.728,119.72872143494668,1251.8979768983272,,,,
36.779,119.72945786702917,1251.8902850388909,,,,
36.829,119.72999038158821,1251.8823110989226,,,,
36.88,119.73015842185487,1251.8677206339044,,,,
36.93,119.73061817838651,1251.8647421088353,,,,
36.981,119.73108260950397,1251.867405617766,,,,
37.032,119.73161453614428,1251.8651229151028,,,,
37.082,119.73250765948983,1251.875869568365,,,,
37.133,119.73309909916634,1251.881493010507,,,,
37.184,119.73365621364324,1251.8863595135117,,,,
37.234,119.73443995432937,1251.9044459818547,,,,
37.285,119.73486762755468,1251.9187557668943,,,,
37.335,119.73523158276124,1251.9320116337028,,,,
37.386,119.73546198820848,1251.9568971051463,,,,
37.437,119.73524938629382,1251.9714153908617,,,,
37.487,119.73523058117313,1251.9915993041284,,,,
37.538,119.73510811051479,1252.0047305748258,,,,
37.589,119.73500493080343,1252.0027861108215,,,,
37.639,119.73480284159831,1252.007266412899,,,,
37.69,119.7341410401578,1251.992952747448,,,,
37.74,119.73369321665604,1251.9840444120089,,,,
37.791,119.73320051627127,1251.9725565465296,,,,
37.842,119.7328205724131,1251.9531889659725,,,,
37.892,119.73283293704478,1251.9411585373957,,,,
37.943,119.73262675582765,1251.9212676029315,,,,
37.994,119.73246869465359,1251.8966267288988,,,,
38.044,119.73223752012822,1251.884819456843,,,,
38.095,119.73167926837931,1251.8654765832957,,,,
38.145,119.73139090706164,1251.857224696951,,,,
38.196,119.7311182240231,1251.8539592014324,,,,
38.247,119.73095784365107,1251.8419918495797,,,,
38.297,119.7308015243629,1251.844826762734,,,,
38.348,119.73032887006276,1251.8391403044693,,,,
38.399,119.73011534697577,1251.8463306019178,,,,
38.449,119.73024937318314,1251.8624477401906,,,,
38.5,119.73022984705031,1251.8835294913065,,,,
38.55,119.72994345210039,1251.9078927025084,,,,
38.601,119.72992701195038,1251.9397519244744,,,,
38.652,119.73030319505096,1251.974720866027,,,,
38.702,119.73052136361719,1252.0033664698944,,,,
38.753,119.73044485546113,1252.0262554593955,,,,
38.804,119.73066015607573,1252.0394754701902,,,,
38.854,119.73092135852013,1252.057561689604,,,,
38.905,119.73096276095603,1252.049851040137,,,,
38.955,119.73124106380959,1252.0449776564872,,,,
39.006,119.73152401225732,1252.0370501536331,,,,
39.057,119.73161126856425,1252.0238131921035,,,,
39.107,119.73188844906736,1252.0131381011624,,,,
39.158,119.7324320896781,1252.0069617727122,,,,
39.209,119.73276179542351,1252.0025493531516,,,,
39.259,119.73276549806776,1251.9966984584785,,,,
39.31,119.7329458195612,1252.0014362314744,,,,
39.36,119.73340894131003,1252.0067013058078,,,,
39.411,119.73361673811432,1252.0133262631352,,,,
39.462,119.73375085051836,1252.0030865188414,,,,
39.512,119.73409456825593,1252.0074012795494,,,,
39.563,119.73418023895044,1252.0027745793357,,,,
39.614,119.73420944423772,1251.999477216791,,,,
39.664,119.73437406962104,1252.0023509181342,,,,
39.715,119.73426059010939,1252.0076943271306,,,,
39.765,119.73379673045511,1252.0210676032984,,,,
39.816,119.73349748717249,1252.0370534684184,,,,
39.867,119.73348446006497,1252.0653608922444,,,,
39.917,119.73324687447919,1252.0817085741885,,,,
39.968,119.73267448912924,1252.0958845489054,,,,
40.019,119.73233301493946,1252.101617094539,,,,
40.069,119.73236471665294,1252.1095310696542,,,,
40.12,119.73218678798023,1252.1003148639675,,,,
40.17,119.73204921233169,1252.082147946243,,,,
40.221,119.73188489280385,1252.0711087704926,,,,
40.272,119.73142679298095,1252.0494402158079,,,,
40.322,119.7312574372654,1252.0367151566866,,,,
40.373,119.731123026514,1252.0308701934775,,,,
40.424,119.7307808570385,1252.0163019278511,,,,
40.474,119.73074211602415,1252.0041322378906,,,,
40.525,119.7307360742048,1252.0003501625024,,,,
40.575,119.73082321387903,1251.9791484389166,,,,
40.626,119.73127557576012,1251.968906020326,,,,
40.677,119.7315123656786,1251.955121018927,,,,
40.727,119.73180161264999,1251.9412928556226,,,,
40.778,119.73203192465076,1251.9499486945347,,,,
40.829,119.73230841351322,1251.9535087664221,,,,
40.879,119.73295789315632,1251.9773739459079,,,,
40.93,119.73336275449238,1251.9981703710373,,,,
40.98,119.73376614784627,1252.0181739236982,,,,
41.031,119.73404682124159,1252.049481286443,,,,
41.082,119.73395662983711,1252.070370038584,,,,
41.132,119.73404806925683,1252.0976325281076,,,,
41.183,119.73407213215731,1252.1236852864242,,,,
41.234,119.73414317056306,1252.1363445092743,,,,
41.284,119.73450446402609,1252.1556621377122,,,,
41.335,119.73462046259928,1252.1633024844705,,,,
41.385,119.73473498978339,1252.165202484667,,,,
41.436,119.7347675193754,1252.1751624504793,,,,
41.487,119.73482335259936,1252.1714858234186,,,,
41.537,119.73519847143915,1252.1783020589546,,,,
41.588,119.73535855585334,1252.171847395292,,,,
41.639,119.73521695788254,1252.1627043206008,,,,
41.689,119.73523029894393,1252.144369551699,,,,
41.74,119.73549857112044,1252.130730211458,,,,
41.79,119.7355214366673,1252.1022649871334,,,,
41.841,119.73518100343601,1252.076942712918,,,,
41.892,119.73498158659618,1252.0550693701077,,,,
41.942,119.7350477471071,1252.0446823162072,,,,
41.993,119.73483890795742,1252.0351375871992,,,,
42.044,119.73458202301646,1252.0319610886554,,,,
42.094,119.73452673850613,1252.0457427457986,,,,
42.145,119.73425401147858,1252.0575673173412,,,,
42.195,119.73398230388052,1252.0747988212486,,,,
42.246,119.73389641412726,1252.0923384171124,,,,
42.297,119.73362819480899,1252.1096732987999,,,,
42.347,119.73310643572,1252.1195518413083,,,,
42.398,119.7327845096184,1252.12532806428,,,,
42.449,119.73276812077026,1252.1363305739937,,,,
42.499,119.73258885829794,1252.1393958581689,,,,
42.55,119.73214889796385,1252.1364074090054,,,,
42.6,119.73195202529425,1252.1354802674869,,,,
42.651,119.73182588692889,1252.146855557011,,,,
42.702,119.73150565252224,1252.1492307569347,,,,
42.752,119.73142929569315,1252.1586911945951,,,,
42.803,119.73140823774668,1252.173844864656,,,,
42.854,119.73126336036565,1252.1733595731841,,,,
42.904,119.73138312203491,1252.1732810194317,,,,
42.955,119.73184031141058,1252.1669612650721,,,,
43.005,119.73215755031852,1252.155422486123,,,,
43.056,119.73222581360906,1252.1362188075693,,,,
43.107,119.73252421348732,1252.120818731407,,,,
43.157,119.73315217372843,1252.1138496554072,,,,
43.208,119.73357622599455,1252.1097616644017,,,,
43.259,119.73366091047104,1252.1094984011233,,,,
43.309,119.7339464253987,1252.1174689788609,,,,
43.36,119.73419502091384,1252.1435841978573,,,,
43.41,119.73446966720931,1252.1542853176206,,,,
43.461,119.7350126467683,1252.1763437081972,,,,
43.512,119.73527280786658,1252.1897270128964,,,,
43.562,119.73549382588325,1252.1944251772047,,,,
43.613,119.73591199005415,1252.2116396330784,,,,
43.664,119.73604521821568,1252.222584143247,,,,
43.714,119.73614852458192,1252.2320607647393,,,,
43.765,119.73616279811614,1252.2548534472098,,,,
43.815,119.73582778218073,1252.2666856480641,,,,
43.866,119.73569196719943,1252.2846137059591,,,,
43.917,119.73550101631874,1252.2986227001447,,,,
43.967,119.7353582223644,1252.2951758898466,,,,
44.018,119.73516318448006,1252.2984987702716,,,,
44.069,119.73460836220366,1252.2815741579984,,,,
44.119,119.73427612297905,1252.2691716089812,,,,
44.17,119.73394080255835,1252.2539758085036,,,,
44.22,119.73340805248898,1252.2365929790908,,,,
44.271,119.73315207641905,1252.2223677127297,,,,
44.322,119.73326314442227,1252.211328474351,,,,
44.372,119.73321070022213,1252.198242696173,,,,
44.423,119.7328809629883,1252.1783266139405,,,,
44.474,119.73285641173219,1252.1680088175049,,,,
44.524,119.73289944591252,1252.163706246217,,,,
44.575,119.7330445539726,1252.1467053721312,,,,
44.625,119.73351814199134,1252.1436652902066,,,,
44.676,119.73375282758154,1252.1342948572478,,,,
44.727,119.73397183685748,1252.1260323095282,,,,
44.777,119.73438976274743,1252.1365867944783,,,,
44.828,119.73453543009342,1252.1476887995323,,,,
44.879,119.73468801876297,1252.1680893056814,,,,
44.929,119.7348140898192,1252.2065298329035,,,,
44.98,119.7346687637778,1252.2391970497047,,,,
45.03,119.73478601326613,1252.2791678919534,,,,
45.081,119.73490841264544,1252.3221244001265,,,,
45.132,119.73510630551577,1252.3397836207378,,,,
45.182,119.73525611814495,1252.3611702588964,,,,
45.233,119.73504490191425,1252.3601425719974,,,,
45.284,119.7350233428775,1252.3579346148485,,,,
45.334,119.73496568498679,1252.3606824407893,,,,
45.385,119.73467628613847,1252.34539236637,,,,
45.435,119.7346168089469,1252.3380873115038,,,,
45.486,119.73488711998486,1252.325451250507,,,,
45.537,119.73497581344864,1252.3135450004202,,,,
45.587,119.73476632121809,1252.293414096584,,,,
45.638,119.73481053625444,1252.2771371691204,,,,
45.689,119.73488204459673,1252.2684294916037,,,,
45.739,119.7350266475721,1252.2442663512297,,,,
45.79,119.73547036854688,1252.2315624344337,,,,
45.84,119.73566412562627,1252.21234479626,,,,
45.891,119.73582034701786,1252.1985951473607,,,,
45.942,119.73614841284348,1252.1963491358533,,,,
45.992,119.7361734171343,1252.2025557512025,,,,
46.043,119.73580124937538,1252.2160092329705,,,,
46.094,119.73561136177672,1252.2443714276137,,,,
46.144,119.73573399794992,1252.2851270529118,,,,
46.195,119.73558781370885,1252.3176759523294,,,,
46.245,119.73541337851627,1252.3435086941004,,,,
46.296,119.73516144923313,1252.3728230734187,,,,
46.347,119.73459613174093,1252.3849891172415,,,,
46.397,119.7342784281752,1252.3978681541353,,,,
46.448,119.7339832371297,1252.4088048320373,,,,
46.499,119.7334990328595,1252.4050600999788,,,,
46.549,119.73330319416056,1252.3985671597554,,,,
46.6,119.73349258929565,1252.3907162212156,,,,
46.65,119.73349720858057,1252.37406986323,,,,
46.701,119.73319499724842,1252.3492045995397,,,,
46.752,119.73318378938416,1252.3287678212162,,,,
46.802,119.73323337012599,1252.3146755789212,,,,
46.853,119.73340466602968,1252.287662989765,,,,
46.904,119.73394493120709,1252.2725095573667,,,,
46.954,119.73428547347682,1252.2514231713874,,,,
47.005,119.73465348518818,1252.2298786466736,,,,
47.055,119.73526029230972,1252.2248247175153,,,,
47.106,119.73559849595611,1252.2225059740792,,,,
47.157,119.73555465890009,1252.2294779796816,,,,
47.207,119.73571061859111,1252.2476879301403,,,,
47.258,119.73618383871643,1252.2811392720412,,,,
47.309,119.73634721410002,1252.310862419211,,,,
47.359,119.73643729440845,1252.3372447069569,,,,
47.41,119.73676788739382,1252.3681976341861,,,,
47.46,119.7367660058819,1252.3927702292651,,,,
47.511,119.73672708025745,1252.4071543421555,,,,
47.562,119.73659454928736,1252.4340452700649,,,,
47.612,119.73608422528805,1252.4468379115783,,,,
47.663,119.73583633837337,1252.462487642289,,,,
47.714,119.73557795020334,1252.4794251835253,,,,
47.764,119.73504508561791,1252.4766812285593,,,,
47.815,119.73482081403034,1252.4659766331645,,,,
47.865,119.73461117313158,1252.4590380580112,,,,
47.916,119.73448870828783,1252.4283396236074,,,,
47.967,119.73476573193305,1252.401744156396,,,,
48.017,119.73479286605054,1252.3681452003193,,,,
48.068,119.73487584199526,1252.333405349575,,,,
48.119,119.73489188269973,1252.3121987875443,,,,
48.169,119.73454724532698,1252.2952132841947,,,,
48.22,119.73449527161634,1252.2964613748895,,,,
48.27,119.73443800906725,1252.3004782796404,,,,
48.321,119.73453837582089,1252.3011979356475,,,,
48.372,119.73455157714434,1252.3129884939285,,,,
48.422,119.73450470844041,1252.3096822895945,,,,
48.473,119.73492415892744,1252.319722205913,,,,
48.524,119.7349967785002,1252.326585314224,,,,
48.574,119.73509079976282,1252.3347233499412,,,,
48.625,119.73505655596395,1252.3613356461035,,,,
48.675,119.73454143679456,1252.3893459668066,,,,
48.726,119.73438927641972,1252.4328388394983,,,,
48.777,119.73423879899694,1252.4765791221803,,,,
48.827,119.73432264640479,1252.5052976763232,,,,
48.878,119.73435018521272,1252.5314880076255,,,,
48.929,119.73436250792682,1252.5333555247682,,,,
48.979,119.73502905329335,1252.5308168690992,,,,
49.03,119.73531821136572,1252.5052642124633,,,,
49.08,119.73569078063622,1252.483785898754,,,,
49.131,119.73593334053174,1252.4625301373712,,,,
49.182,119.73623956248575,1252.4408385813676,,,,
49.232,119.73657666430164,1252.4355411848874,,,,
49.283,119.73621784874138,1252.4293683077758,,,,
49.334,119.73628736100565,1252.4371502760512,,,,
49.384,119.73625536945454,1252.4456232150346,,,,
49.435,119.73634466205405,1252.443035628353,,,,
49.485,119.7370696978377,1252.442436541974,,,,
49.536,119.73723278323241,1252.426073744468,,,,
49.587,119.73735973869441,1252.4119790851328,,,,
49.637,119.73797381368969,1252.406091941193,,,,
49.688,119.73797670948389,1252.4014238891364,,,,
49.739,119.73725757639494,1252.4106001060156,,,,
49.789,119.736571207831,1252.4366314415047,,,,
49.84,119.73623988978039,1252.4715601459882,,,,
49.89,119.73588607393742,1252.4943443942393,,,,
49.941,119.73571597856419,1252.5251861669408,,,,
49.992,119.7353932579105,1252.530679188842,,,,
50.042,119.73429084956705,1252.534036650878,,,,
50.093,119.73286789036555,1252.5306191754116,,,,
50.144,119.73221383481494,1252.5319858781463,,,,
50.194,119.73145109008207,1252.5122864753307,,,,
50.245,119.7309325078842,1252.5114230066083,,,,
50.295,119.73074863341596,1252.4900882158254,,,,
50.346,119.72971700516328,1252.4818519423984,,,,
50.397,119.72947533703281,1252.4834301877968,,,,
50.447,119.72934874784602,1252.4608436823655,,,,
50.498,119.72963098361173,1252.45776081537,,,,
50.549,119.73000678264673,1252.4282152261167,,,,
50.599,119.72955062923134,1252.41210041263,,,,
50.65,119.72987408359643,1252.3986023242664,,,,
50.7,119.73026046198851,1252.3909735083519,,,,
50.751,119.73133875769167,1252.3793253610545,,,,
50.802,119.73236997161317,1252.376619884194,,,,
50.852,119.73315716718011,1252.3982041757076,,,,
50.903,119.73508156397644,1252.4192481355756,,,,
50.954,119.73622587737613,1252.4431773704453,,,,
51.004,119.73742941301956,1252.482644894194,,,,
51.055,119.73932773116648,1252.5265745040688,,,,
51.105,119.74045126042354,1252.562640159138,,,,
51.156,119.74058474495081,1252.6057899419466,,,,
51.207,119.74032930095194,1252.6496681548128,,,,
51.257,119.7406257190797,1252.6971090594093,,,,
51.308,119.74064374252994,1252.7299358902687,,,,
51.359,119.74113173377057,1252.7598862158388,,,,
51.409,119.74245184223489,1252.7729295287736,,,,
51.46,119.74274462818637,1252.7654358696882,,,,
51.51,119.74259759776439,1252.7623444039464,,,,
51.561,119.7419863270695,1252.743472009999,,,,
51.612,119.74067622072376,1252.7236360234692,,,,
51.662,119.74004165993705,1252.7078510850552,,,,
51.713,119.74025988573338,1252.6672894778994,,,,
51.764,119.74024676345621,1252.6185246649027,,,,
51.814,119.73971513351438,1252.5640870027996,,,,
51.865,119.73908937916133,1252.5106681482794,,,,
51.915,119.73830320003012,1252.4631830770995,,,,
51.966,119.7376669572173,1252.4199682170365,,,,
52.017,119.73665257703956,1252.3874805765429,,,,
52.067,119.73618045625717,1252.3717184457687,,,,
52.118,119.73539482720332,1252.3596962133242,,,,
52.169,119.73443744743082,1252.376012316055,,,,
52.219,119.73364648059831,1252.3898505426505,,,,
52.27,119.73150938413865,1252.4212891778836,,,,
52.32,119.73036001276618,1252.4695318471454,,,,
52.371,119.72921220078499,1252.5061526591487,,,,
52.422,119.72730739598953,1252.5384203193048,,,,
52.472,119.72639485287809,1252.5767033452196,,,,
52.523,119.72569292837017,1252.5918111699314,,,,
52.574,119.7245513764699,1252.6008691757818,,,,
52.624,119.72430520581769,1252.6060483860463,,,,
52.675,119.72418801661378,1252.5976080807359,,,,
52.725,119.7245987504911,1252.5832823764072,,,,
52.776,119.72631151916384,1252.5635944721685,,,,
52.827,119.72756506300365,1252.5305247962197,,,,
52.877,119.72908735693852,1252.5101150058385,,,,
52.928,119.73050252408532,1252.489438157455,,,,
52.979,119.73207724131754,1252.4819069438684,,,,
53.029,119.73472525351173,1252.4812779298331,,,,
53.08,119.7370594116212,1252.4830832299172,,,,
53.13,119.73880214430919,1252.495974784162,,,,
53.181,119.74024642732704,1252.5248917183044,,,,
53.232,119.74122392336483,1252.574424746795,,,,
53.282,119.74222789019973,1252.6315676333047,,,,
53.333,119.74360811865586,1252.7008143654011,,,,
53.384,119.74407625485519,1252.7616946397984,,,,
53.434,119.74339169373698,1252.834519108948,,,,
53.485,119.74234561815112,1252.9078908368938,,,,
53.535,119.74139227599667,1252.9703384198538,,,,
53.586,119.74047976091784,1253.0135389987922,,,,
53.637,119.73946160984782,1253.0393581932826,,,,
53.687,119.73833465537683,1253.0233141700287,,,,
53.738,119.73715395969614,1252.9936363891125,,,,
53.789,119.73591028288408,1252.9353513426838,,,,
53.839,119.73474341019543,1252.8664448134896,,,,
53.89,119.73359483722886,1252.7725877524706,,,,
53.94,119.73261360045191,1252.6924692918187,,,,
53.991,119.73177075681299,1252.5892512139483,,,,
54.042,119.73082688487824,1252.5103765720075,,,,
54.092,119.730230838674,1252.4433138422346,,,,
54.143,119.72974966527522,1252.3728489095975,,,,
54.194,119.72943413942383,1252.3487758619908,,,,
54.244,119.72952105271878,1252.3199937036393,,,,
54.295,119.72947885999747,1252.320152176804,,,,
54.345,119.72953154681264,1252.3412659846113,,,,
54.396,119.72959076959373,1252.3603857677572,,,,
54.447,119.72944632017406,1252.4158629759932,,,,
54.497,119.72959288726878,1252.472536465546,,,,
54.548,119.72982529384657,1252.5323504991454,,,,
54.599,119.72994045593043,1252.59815408533,,,,
54.649,119.73039129912075,1252.6746427352427,,,,
54.7,119.73127250322347,1252.7315537513973,,,,
54.75,119.73201934838343,1252.7821885766466,,,,
54.801,119.7325202879731,1252.8298432578572,,,,
54.852,119.73334152594306,1252.8684625376839,,,,
54.902,119.73461540414964,1252.8665761922525,,,,
54.953,119.7357184301467,1252.8465242739658,,,,
55.004,119.73684316857194,1252.834439352312,,,,
55.054,119.73830019222795,1252.7930299378256,,,,
55.105,119.73951748464872,1252.7512681819276,,,,
55.155,119.74069192174484,1252.726384579822,,,,
55.206,119.74198714174756,1252.6902313532096,,,,
55.257,119.74288708011278,1252.661164830341,,,,
55.307,119.7432601119225,1252.650710864466,,,,
55.358,119.74337450410124,1252.6472303175412,,,,
55.409,119.7434638081535,1252.6490489404987,,,,
55.459,119.74327355098124,1252.6509292731166,,,,
55.51,119.74257737040617,1252.668122332383,,,,
55.56,119.74188584722194,1252.6963644922598,,,,
55.611,119.7409488037605,1252.7036174269106,,,,
55.662,119.73952926379181,1252.7371990370748,,,,
55.712,119.73822922575778,1252.766274975615,,,,
55.763,119.73685734429797,1252.7749810404846,,,,
55.814,119.73560054845329,1252.8021225899981,,,,
55.864,119.7343371746547,1252.7917074925062,,,,
55.915,119.73278366147164,1252.7993817282763,,,,
55.965,119.7316132443947,1252.7978980142543,,,,
56.016,119.73059760491324,1252.764200029013,,,,
56.067,119.7295100734678,1252.7492677854932,,,,
56.117,119.7288933883433,1252.7306355925177,,,,
56.168,119.72885662527595,1252.6982251149434,,,,
56.219,119.72875696711858,1252.6629420583695,,,,
56.269,119.7284501241278,1252.6412009874552,,,,
56.32,119.7285890232061,1252.6284341197666,,,,
56.37,119.72890057533888,1252.5908029059187,,,,
56.421,119.72903407599202,1252.5848494954093,,,,
56.472,119.72959172912994,1252.5865287189304,,,,
56.522,119.73024143559596,1252.5817716370575,,,,
56.573,119.73103198601142,1252.6138600779423,,,,
56.624,119.73225915314592,1252.632945494318,,,,
56.674,119.73321120116626,1252.6657571161431,,,,
56.725,119.73417014287588,1252.7093694844168,,,,
56.775,119.73540978691061,1252.751323645178,,,,
56.826,119.73626988533876,1252.7815779941557,,,,
56.877,119.7365999789855,1252.8191609854175,,,,
56.927,119.73681307044492,1252.8523602680286,,,,
56.978,119.73725728808537,1252.8806191059393,,,,
57.029,119.73756622634633,1252.8919112929198,,,,
57.079,119.73800574174999,1252.9308612447721,,,,
57.13,119.73820905980803,1252.9347317641386,,,,
57.18,119.73832206868309,1252.9752839914036,,,,
57.231,119.73898681054993,1252.9804729854616,,,,
57.282,119.73909492081225,1252.9776489433968,,,,
57.332,119.73917420517283,1252.9857954622842,,,,
57.383,119.73972356035404,1252.963412549796,,,,
57.434,119.73969156893668,1252.9269023086545,,,,
57.484,119.7395949802009,1252.9104272336754,,,,
57.535,119.7393031097334,1252.8558659811338,,,,
57.585,119.73889559716554,1252.847994401799,,,,
57.636,119.7390383888075,1252.8147858390957,,,,
57.687,119.73869628908959,1252.7919130251348,,,,
57.737,119.73827468488872,1252.798619574268,,,,
57.788,119.7381856228834,1252.7964430043944,,,,
57.839,119.73755241897167,1252.791282222197,,,,
57.889,119.73694690019224,1252.8064277368962,,,,
57.94,119.73613175619923,1252.785591472614,,,,
57.99,119.73457101603755,1252.7897173518008,,,,
58.041,119.73351173611168,1252.7900996863386,,,,
58.041,119.73351173611168,1252.7900996863386,,,,
58.066,119.73321315656065,1252.7774472695057,,,,
58.092,119.73284164145606,1252.769032292107,,,,
58.117,119.73243374275472,1252.7647623043886,,,,
58.142,119.73204706269652,1252.7605564111734,,,,
58.168,119.73167399783534,1252.7571408106278,,,,
58.193,119.73132396100189,1252.7549982436935,,,,
58.218,119.73099787096663,1252.753162228511,,,,
58.244,119.73069780990343,1252.7527005991249,,,,
58.269,119.73042479478558,1252.751596364364,,,,
58.294,119.7301798452732,1252.7518438208676,,,,
58.319,119.72996392050919,1252.7503970576417,,,,
58.345,119.72977808017521,1252.7494525067623,,,,
58.37,119.72962349102487,1252.7467118642824,,,,
58.395,119.72950143075494,1252.7443445995873,,,,
58.421,119.72941321814734,1252.7386114822473,,,,
58.446,119.72936019327341,1252.7337372195532,,,,
58.471,119.72934355194707,1252.7256195792788,,,,
58.497,119.72936421378037,1252.7186280640385,,,,
58.522,119.72942273296593,1252.708947311879,,,,
58.547,119.72951921502057,1252.7010597114997,,,,
58.573,119.7296532460769,1252.6912806586802,,,,
58.598,119.72982387653184,1252.6835729873474,,,,
58.623,119.73002958411583,1252.6761458979838,,,,
58.649,119.73026826333457,1252.669516759829,,,,
58.674,119.73053721329377,1252.668164316876,,,,
58.699,119.7308333639437,1252.6654043063422,,,,
58.724,119.73115333271473,1252.6665704836162,,,,
58.75,119.73149336504987,1252.670771369581,,,,
58.775,119.73184949710023,1252.6749455263964,,,,
58.8,119.7322176396966,1252.6841884185746,,,,
58.826,119.73259370696994,1252.6948983229959,,,,
58.851,119.73297370177565,1252.709148618852,,,,
58.876,119.73335386085186,1252.7217782828607,,,,
58.902,119.73373068955743,1252.738567884941,,,,
58.927,119.73410092116646,1252.754104663813,,,,
58.952,119.73446158634187,1252.7718433806222,,,,
58.978,119.73481002611432,1252.7866732455905,,,,
59.003,119.73514394001609,1252.8068732766292,,,,
59.028,119.73546142618574,1252.8173458796227,,,,
59.054,119.73576095098989,1252.8380087942724,,,,
59.079,119.73604145860014,1252.8486486638528,,,,
59.104,119.73630214908607,1252.862401020428,,,,
59.129,119.73654242635943,1252.8737660245301,,,,
59.155,119.73676202887049,1252.8854013192272,,,,
59.18,119.73696090316278,1252.8928644111738,,,,
59.205,119.73713919725188,1252.9019627814605,,,,
59.231,119.73729720982516,1252.9091000671351,,,,
59.256,119.73743538166143,1252.9153302995005,,,,
59.281,119.73755411589067,1252.9210432499929,,,,
59.307,119.73765399483074,1252.9248288513309,,,,
59.332,119.7377356449849,1252.9293826155867,,,,
59.357,119.73779956595457,1252.9323427768368,,,,
59.383,119.73784623376636,1252.9347103211644,,,,
59.408,119.73787599617516,1252.9356538927625,,,,
59.433,119.73788912304609,1252.9362509488426,,,,
59.459,119.73788580646499,1252.934861617316,,,,
59.484,119.73786621464004,1252.9334592720102,,,,
59.509,119.73783045946041,1252.9295735262012,,,,
59.534,119.73777859833771,1252.9252386169321,,,,
59.56,119.73771067484931,1252.919095388379,,,,
59.585,119.73762675977937,1252.9123769627854,,,,
59.61,119.7375269794065,1252.9038018071626,,,,
59.636,119.73741154874203,1252.8950728657417,,,,
59.661,119.73728079648669,1252.88462822617,,,,
59.686,119.73713517545218,1252.8744292711363,,,,
59.712,119.73697530317136,1252.8632301193752,,,,
59.737,119.73680196811947,1252.8526856953272,,,,
59.762,119.7366161017987,1252.8415544763877,,,,
59.788,119.7364187922385,1252.8319717688069,,,,
59.813,119.73621127147061,1252.8217825063139,,,,
59.838,119.73599490079404,1252.8139099345026,,,,
59.864,119.73577115113284,1252.8056804032194,,,,
59.889,119.73554157908492,1252.8001941008874,,,,
59.914,119.73530781364892,1252.7944279409653,,,,
59.939,119.73507153689297,1252.7916274982117,,,,
59.965,119.7348344547762,1252.7884078155212,,,,
59.99,119.73459828318417,1252.7882020077714,,,,
60.0,119.7345067922767,1252.787836627084,,,,
